0,1,2,3,4,5,6,7,8,9,10,11,12,13,14,15,16,17,18,19,20,21,22,23,24,25,26,27,28,29,30,31,32,33,34,35
0.36572226881980896,0.47184035181999207,0.35669949650764465,0.479816198348999,0.3554385304450989,0.46932440996170044,0.36646631360054016,0.49414995312690735,0.3635930120944977,0.4686541259288788,0.4423568844795227,0.5099077224731445,0.42284855246543884,0.44803890585899353,0.528854250907898,0.517742931842804,0.43953245878219604,0.3920002579689026,0.5978912711143494,0.5195390582084656,0.433570921421051,0.33343151211738586,0.5950188636779785,0.49427154660224915,0.5913059115409851,0.45447540283203125,0.6991420388221741,0.49518734216690063,0.7022290229797363,0.44815298914909363,0.798195481300354,0.49681001901626587,0.8019468188285828,0.4448370337486267,0.43187376856803894,0.47850993275642395
0.4001788794994354,0.4944564998149872,0.393000066280365,0.5006336569786072,0.3938721716403961,0.49318569898605347,0.4025591015815735,0.5104902386665344,0.40029507875442505,0.4890739917755127,0.4594181478023529,0.5220246315002441,0.445248544216156,0.4706450402736664,0.5284697413444519,0.5327151417732239,0.44787365198135376,0.42591753602027893,0.5925481915473938,0.5356938242912292,0.44818946719169617,0.381284236907959,0.5947465300559998,0.5095378160476685,0.5924006104469299,0.47296610474586487,0.6831638216972351,0.5089437365531921,0.6849122643470764,0.4720163941383362,0.7627400159835815,0.5146768689155579,0.7693384885787964,0.47542181611061096,0.45248880982398987,0.4967391788959503
0.3832312226295471,0.49267131090164185,0.37594079971313477,0.49790868163108826,0.3754902482032776,0.48839321732521057,0.38519421219825745,0.5056350827217102,0.3820594251155853,0.4807737171649933,0.44470304250717163,0.5120267868041992,0.42403697967529297,0.46140244603157043,0.5118482708930969,0.5180288553237915,0.4265788495540619,0.4185866713523865,0.5773429274559021,0.5174595713615417,0.41854336857795715,0.3743090331554413,0.5727735161781311,0.4966489374637604,0.5674981474876404,0.4644440710544586,0.667946994304657,0.4930172860622406,0.6685827970504761,0.46240314841270447,0.7512295842170715,0.4977380633354187,0.7616338729858398,0.4624292850494385,0.4351392388343811,0.4870900809764862
0.39840954542160034,0.5018213987350464,0.3913135826587677,0.507642924785614,0.3907162845134735,0.4994259476661682,0.40058255195617676,0.5171232223510742,0.3981401026248932,0.4940815567970276,0.4561786353588104,0.5277261137962341,0.44384828209877014,0.4775415062904358,0.5248712301254272,0.5387964844703674,0.44784313440322876,0.43555283546447754,0.5923916101455688,0.540695071220398,0.44809237122535706,0.3930639624595642,0.5874153971672058,0.5161903500556946,0.5836057066917419,0.4804397225379944,0.6813352704048157,0.5162745714187622,0.677674412727356,0.4787735044956207,0.7681620717048645,0.5233052372932434,0.7622871398925781,0.4812534749507904,0.45026320219039917,0.5037717819213867
0.38547223806381226,0.48708394169807434,0.376290887594223,0.4942772388458252,0.37602749466896057,0.48665928840637207,0.38701778650283813,0.5071965456008911,0.38187333941459656,0.48572421073913574,0.4586232006549835,0.520351231098175,0.42373132705688477,0.45939990878105164,0.5449830293655396,0.5270889401435852,0.4145488142967224,0.4051491916179657,0.612511157989502,0.5221676230430603,0.40424254536628723,0.348972350358963,0.5963103175163269,0.5014880895614624,0.5871949195861816,0.46236151456832886,0.687122642993927,0.5016176700592041,0.688238263130188,0.45520782470703125,0.7834963202476501,0.5091428756713867,0.779790997505188,0.45599204301834106,0.44066208600997925,0.4893724024295807
0.3773009479045868,0.5400204062461853,0.3700276017189026,0.5463657975196838,0.36925429105758667,0.5370872616767883,0.37751200795173645,0.5559054613113403,0.37342384457588196,0.53342205286026,0.43027645349502563,0.5673543810844421,0.42107662558555603,0.5189857482910156,0.5015107989311218,0.5780045390129089,0.42790254950523376,0.47552695870399475,0.5657256245613098,0.5809857249259949,0.43074601888656616,0.42620396614074707,0.5610479116439819,0.556829571723938,0.5592030882835388,0.5225683450698853,0.6549456715583801,0.5559470057487488,0.6547709703445435,0.5191901326179504,0.7428727149963379,0.560371458530426,0.7442415356636047,0.5209758281707764,0.4260786473751068,0.5429753661155701
0.2481773942708969,0.47074654698371887,0.23838481307029724,0.4786973297595978,0.23695781826972961,0.4666082561016083,0.2465302050113678,0.4910883605480194,0.2410760074853897,0.4613378047943115,0.32391396164894104,0.5062326192855835,0.30142131447792053,0.4402894377708435,0.4124657213687897,0.5161517858505249,0.3078196942806244,0.3877176344394684,0.48886004090309143,0.5156755447387695,0.29843857884407043,0.3252369463443756,0.4842626452445984,0.492940217256546,0.4800473749637604,0.4523787498474121,0.5917712450027466,0.49448204040527344,0.5927335023880005,0.4471553862094879,0.6848847270011902,0.4959014058113098,0.6847449541091919,0.4452313780784607,0.3121981918811798,0.47371283173561096
0.3251931667327881,0.5080941319465637,0.3158794045448303,0.5161831378936768,0.3149106502532959,0.504263162612915,0.32399746775627136,0.5295305848121643,0.31984755396842957,0.4981245696544647,0.3935618996620178,0.5396445989608765,0.37330958247184753,0.48100513219833374,0.4755549430847168,0.5478606820106506,0.3791428208351135,0.42508670687675476,0.5468838810920715,0.5499160885810852,0.3741430640220642,0.36237940192222595,0.5471873879432678,0.5227149724960327,0.5458377003669739,0.48450523614883423,0.6622571349143982,0.5298778414726257,0.6673736572265625,0.4788490831851959,0.7476505637168884,0.5317631959915161,0.760560929775238,0.4782072603702545,0.3818068206310272,0.5101279616355896
0.3252294361591339,0.5029608011245728,0.31795114278793335,0.5078263878822327,0.31697210669517517,0.5001906752586365,0.3255162537097931,0.5155841112136841,0.3217221796512604,0.49349862337112427,0.38111284375190735,0.525492787361145,0.366513729095459,0.4748319983482361,0.4529285728931427,0.5357444882392883,0.37291964888572693,0.43317580223083496,0.5225344300270081,0.5365463495254517,0.37361568212509155,0.38765501976013184,0.5149664282798767,0.5121675729751587,0.5103437900543213,0.47595757246017456,0.6047808527946472,0.5110647082328796,0.6034128069877625,0.4730950891971588,0.6853635907173157,0.5099471211433411,0.687116801738739,0.4757838249206543,0.3739171326160431,0.5008078813552856
0.3603843152523041,0.44965896010398865,0.3504759669303894,0.45618748664855957,0.34999579191207886,0.4466075301170349,0.35718056559562683,0.4693177044391632,0.3542752265930176,0.4435714781284332,0.4310237467288971,0.4883155822753906,0.411553293466568,0.42298153042793274,0.5087446570396423,0.4968077838420868,0.4233085811138153,0.37015336751937866,0.5758488774299622,0.4972997009754181,0.4163196086883545,0.30712026357650757,0.5779899954795837,0.46910351514816284,0.5757383704185486,0.43268972635269165,0.6772257685661316,0.4731931686401367,0.6763736605644226,0.4260818660259247,0.7735399007797241,0.4758445620536804,0.7760715484619141,0.42507389187812805,0.4206306040287018,0.4554611146450043
0.3910829424858093,0.48358064889907837,0.3830180764198303,0.4915592074394226,0.3824758529663086,0.4827176034450531,0.3913726210594177,0.5049731135368347,0.3867432773113251,0.48214974999427795,0.4631068706512451,0.5206078886985779,0.429264634847641,0.4561989903450012,0.5555693507194519,0.5268145799636841,0.4190848469734192,0.4033653140068054,0.6287564039230347,0.5209507346153259,0.40474170446395874,0.3475974202156067,0.6058305501937866,0.500234067440033,0.5989934802055359,0.46180084347724915,0.703641414642334,0.49868521094322205,0.703144907951355,0.45330119132995605,0.7983208894729614,0.5035699605941772,0.7952833771705627,0.4523794651031494,0.44543537497520447,0.4885762631893158
0.32320159673690796,0.48467308282852173,0.3144434094429016,0.4913962781429291,0.3137732446193695,0.48023971915245056,0.3237491250038147,0.502353310585022,0.3206498622894287,0.47484779357910156,0.3929627239704132,0.5142439007759094,0.368562787771225,0.4501822292804718,0.4807286262512207,0.5187603831291199,0.3627350330352783,0.3926851153373718,0.5529703497886658,0.5163858532905579,0.35296323895454407,0.33650803565979004,0.547973096370697,0.49484771490097046,0.5435653924942017,0.4559507668018341,0.6562793850898743,0.4956119954586029,0.6546959280967712,0.453174352645874,0.7546297907829285,0.5025116801261902,0.7578606605529785,0.45399123430252075,0.3804894983768463,0.48301252722740173
0.32850971817970276,0.48112592101097107,0.3195946216583252,0.48889461159706116,0.3188609778881073,0.4784035384654999,0.328502893447876,0.5013426542282104,0.32554715871810913,0.4770727753639221,0.39722251892089844,0.51578688621521,0.3713092505931854,0.452989399433136,0.48552441596984863,0.5210757851600647,0.36489447951316833,0.3968498408794403,0.5541472434997559,0.5191288590431213,0.35617390275001526,0.33705562353134155,0.5509702563285828,0.49578991532325745,0.5459920763969421,0.45870280265808105,0.6571926474571228,0.4963853061199188,0.6578029990196228,0.4543084502220154,0.7436175346374512,0.5024803876876831,0.7463150024414062,0.45385220646858215,0.3836633265018463,0.4854092001914978
0.3730001151561737,0.49366673827171326,0.36489707231521606,0.4997592568397522,0.3652825653553009,0.49267998337745667,0.37302064895629883,0.5076614618301392,0.36717987060546875,0.48930564522743225,0.438588410615921,0.5206473469734192,0.41019105911254883,0.4599314033985138,0.525540828704834,0.5270839333534241,0.3985178470611572,0.40436893701553345,0.5948521494865417,0.5244995355606079,0.38939931988716125,0.34784194827079773,0.5850719213485718,0.5024330019950867,0.5797110199928284,0.4634670615196228,0.6817855834960938,0.501498281955719,0.6807604432106018,0.45642533898353577,0.7749922871589661,0.5072260499000549,0.7719654440879822,0.45578232407569885,0.4237894117832184,0.490114688873291
0.40084198117256165,0.49278679490089417,0.39438557624816895,0.4994201064109802,0.39454635977745056,0.49181586503982544,0.4039101004600525,0.5105894804000854,0.40029048919677734,0.4880217909812927,0.4611581265926361,0.5212143659591675,0.44229844212532043,0.468242347240448,0.5337784290313721,0.5286998748779297,0.44276517629623413,0.42092365026474,0.5953326225280762,0.5255662202835083,0.4366750419139862,0.3780934512615204,0.5887254476547241,0.5059941411018372,0.5839577913284302,0.4709000885486603,0.6786094903945923,0.5027307868003845,0.6818203330039978,0.4696256220340729,0.7670349478721619,0.5117912888526917,0.7736380696296692,0.47302302718162537,0.451890766620636,0.49495694041252136
0.35047367215156555,0.47677597403526306,0.3413316607475281,0.48327207565307617,0.34129735827445984,0.472638338804245,0.3504646122455597,0.4930344521999359,0.3473718464374542,0.46756863594055176,0.42132315039634705,0.5075656175613403,0.3998611867427826,0.4434151351451874,0.5001562237739563,0.5165480971336365,0.40635737776756287,0.39000633358955383,0.5679226517677307,0.5140556693077087,0.39819735288619995,0.32526856660842896,0.5683155655860901,0.48966312408447266,0.5660223960876465,0.45181432366371155,0.6713227033615112,0.49427053332328796,0.6716691255569458,0.4478500485420227,0.7613193392753601,0.4945448935031891,0.7633693814277649,0.4452311098575592,0.4110574722290039,0.4753125309944153
0.316301554441452,0.4707641899585724,0.3071250915527344,0.4772722125053406,0.30701786279678345,0.4666052460670471,0.31582969427108765,0.4875660240650177,0.3144954741001129,0.4621419906616211,0.38819557428359985,0.50284343957901,0.37356629967689514,0.43970605731010437,0.4773404598236084,0.5159528851509094,0.3875580132007599,0.3861674964427948,0.5466517806053162,0.5142441391944885,0.3815533220767975,0.3242441713809967,0.5403559803962708,0.49254921078681946,0.53831946849823,0.45264890789985657,0.6515288949012756,0.495008647441864,0.6493980288505554,0.4476064145565033,0.7436476945877075,0.49766770005226135,0.747906506061554,0.4417385756969452,0.37984609603881836,0.47213420271873474
0.5077775716781616,0.4960155785083771,0.5012014508247375,0.5017502903938293,0.5009931921958923,0.4932878315448761,0.5101818442344666,0.5097856521606445,0.5054153203964233,0.4876067042350769,0.564484715461731,0.5176798701286316,0.5476824641227722,0.4695596992969513,0.635062575340271,0.5234209895133972,0.5437174439430237,0.42525047063827515,0.6984000205993652,0.5233981013298035,0.5396456718444824,0.3757123053073883,0.692667543888092,0.5001517534255981,0.6880388259887695,0.4660680592060089,0.7911996245384216,0.4921211898326874,0.7890974879264832,0.45631012320518494,0.8864195942878723,0.4947676360607147,0.8846331834793091,0.45373091101646423,0.5565499067306519,0.49322789907455444
0.35303041338920593,0.5107340812683105,0.3441689610481262,0.5174782872200012,0.34382176399230957,0.5090723633766174,0.3526439964771271,0.52948397397995,0.349999338388443,0.5071986317634583,0.42375442385673523,0.5439794063568115,0.40418121218681335,0.4827186167240143,0.5064916014671326,0.5526853799819946,0.41135528683662415,0.42565593123435974,0.5777359008789062,0.5523170828819275,0.4048716127872467,0.3643825054168701,0.575556755065918,0.5260980725288391,0.5721799731254578,0.4862070679664612,0.6865221261978149,0.5278891921043396,0.6865304112434387,0.4797707498073578,0.7768698334693909,0.5345147848129272,0.792981743812561,0.48574838042259216,0.41352349519729614,0.5131548047065735
0.3742368221282959,0.5418730974197388,0.36758026480674744,0.5477889776229858,0.36687204241752625,0.5384843945503235,0.374337375164032,0.5563109517097473,0.37079188227653503,0.5335806012153625,0.42776089906692505,0.5673002600669861,0.418763130903244,0.5186141133308411,0.4977112114429474,0.5774703621864319,0.42372772097587585,0.476511687040329,0.5632210373878479,0.5805179476737976,0.4267995357513428,0.42662563920021057,0.5596428513526917,0.5569010376930237,0.5580440759658813,0.5228082537651062,0.6538235545158386,0.5561836957931519,0.6537995338439941,0.5195742249488831,0.7422000765800476,0.5598627924919128,0.7432652115821838,0.520246148109436,0.4239274561405182,0.5428401827812195
0.39115574955940247,0.5255535840988159,0.38432687520980835,0.5322729349136353,0.38278859853744507,0.523016631603241,0.39240264892578125,0.5427958369255066,0.388576477766037,0.5190827250480652,0.44856172800064087,0.553593635559082,0.4353121221065521,0.5032064318656921,0.5144171118736267,0.5640110969543457,0.4420517086982727,0.4580989480018616,0.5777258276939392,0.5646348595619202,0.4436711370944977,0.4142264723777771,0.5773372650146484,0.5386479496955872,0.575309693813324,0.5052387118339539,0.6737812161445618,0.541192352771759,0.6739174723625183,0.5035917162895203,0.7618908286094666,0.5463643670082092,0.7610207796096802,0.5063774585723877,0.44202637672424316,0.5281968712806702
0.395461767911911,0.49289387464523315,0.3883531987667084,0.49953433871269226,0.3883325159549713,0.4921218752861023,0.3989217281341553,0.5109111666679382,0.39533132314682007,0.48847320675849915,0.4576988220214844,0.5205419063568115,0.4368134140968323,0.469486802816391,0.531733512878418,0.5262654423713684,0.437779039144516,0.4197198450565338,0.5898963809013367,0.5228586792945862,0.4290485978126526,0.3759911060333252,0.583171010017395,0.5058816075325012,0.5783007740974426,0.4718081057071686,0.6724685430526733,0.5018988251686096,0.6742553114891052,0.4690842926502228,0.758426308631897,0.5104069113731384,0.7690912485122681,0.47432321310043335,0.44729679822921753,0.4949354827404022
0.35527580976486206,0.49051207304000854,0.3487622141838074,0.4949582517147064,0.3486204147338867,0.4857366681098938,0.35563522577285767,0.5010665059089661,0.35255199670791626,0.47946685552597046,0.4083314538002014,0.5098360776901245,0.3960076868534088,0.46219804883003235,0.477543443441391,0.5191588997840881,0.4005846381187439,0.4208311438560486,0.5402866005897522,0.52033531665802,0.3997478485107422,0.37252673506736755,0.5377805233001709,0.4954371750354767,0.5329374670982361,0.46278342604637146,0.6304455399513245,0.4911535382270813,0.6279147267341614,0.4582328498363495,0.7160934805870056,0.4953016936779022,0.7174805402755737,0.45310506224632263,0.4023129343986511,0.4858091175556183
0.38604897260665894,0.49039405584335327,0.37751632928848267,0.4959622323513031,0.3769265115261078,0.4861312508583069,0.38537904620170593,0.5057370066642761,0.38184723258018494,0.4793698787689209,0.4550437033176422,0.5166720747947693,0.4288972020149231,0.4542093575000763,0.5403007864952087,0.5215156674385071,0.42193761467933655,0.4008793830871582,0.6057631373405457,0.5263866782188416,0.40500715374946594,0.34537118673324585,0.6036525964736938,0.500568687915802,0.5993362665176392,0.46237635612487793,0.71563720703125,0.499512255191803,0.7117420434951782,0.45373159646987915,0.8112906813621521,0.5042139291763306,0.8110530972480774,0.4566185772418976,0.44173720479011536,0.4858265817165375
0.3923039734363556,0.49188265204429626,0.3853845000267029,0.49776437878608704,0.38480517268180847,0.4893665313720703,0.3945990204811096,0.5070684552192688,0.3914216160774231,0.4847479462623596,0.4534315764904022,0.5167742967605591,0.43555551767349243,0.46657806634902954,0.5256065726280212,0.5248830914497375,0.44353610277175903,0.4187755584716797,0.585680365562439,0.5263368487358093,0.44350579380989075,0.373973548412323,0.5780171155929565,0.5041688084602356,0.5743200182914734,0.46997547149658203,0.6707383394241333,0.5007844567298889,0.6710294485092163,0.4663739800453186,0.7561039328575134,0.5060749053955078,0.7588006258010864,0.46213462948799133,0.44430285692214966,0.4914350211620331
0.35313835740089417,0.5009286999702454,0.3451843559741974,0.5046746134757996,0.34426480531692505,0.49391457438468933,0.3540134131908417,0.5086982846260071,0.3479671776294708,0.48145851492881775,0.41566747426986694,0.5156805515289307,0.3903903365135193,0.455319881439209,0.5020660161972046,0.5226191282272339,0.38437992334365845,0.40046414732933044,0.5732666850090027,0.5234449505805969,0.3786582052707672,0.3412145674228668,0.5645964741706848,0.49923038482666016,0.5601573586463928,0.4623977541923523,0.6706264615058899,0.4980214238166809,0.6698310971260071,0.4544966518878937,0.7604285478591919,0.5040441751480103,0.7616025805473328,0.45552462339401245,0.4028255343437195,0.48516955971717834
0.3370104134082794,0.488130658864975,0.33074232935905457,0.4950982928276062,0.32982268929481506,0.4865380823612213,0.3410196602344513,0.5065932273864746,0.33676037192344666,0.48259440064430237,0.399166077375412,0.5136589407920837,0.3795478343963623,0.46368128061294556,0.4691220223903656,0.5233935117721558,0.3826393783092499,0.4197222590446472,0.5320103764533997,0.5251397490501404,0.3809618353843689,0.3715916574001312,0.523649275302887,0.5039616823196411,0.5204709768295288,0.46843430399894714,0.6127912402153015,0.49826547503471375,0.6138762831687927,0.4632730185985565,0.6979373693466187,0.4988466203212738,0.7019251585006714,0.4581405222415924,0.38859543204307556,0.4891965389251709
0.3267013430595398,0.5063781142234802,0.3195670545101166,0.5114810466766357,0.3184370696544647,0.5025676488876343,0.32712051272392273,0.5199981927871704,0.3235839903354645,0.49549540877342224,0.38179898262023926,0.5299375057220459,0.36757692694664,0.4800044596195221,0.4544776976108551,0.5420786738395691,0.37319403886795044,0.4384172856807709,0.5261625051498413,0.5444503426551819,0.37483689188957214,0.3913533091545105,0.5169114470481873,0.5189276337623596,0.5120214223861694,0.48212677240371704,0.6114404797554016,0.5179256200790405,0.6093873381614685,0.47999000549316406,0.6925007104873657,0.5196393728256226,0.6917401552200317,0.4811381697654724,0.3747956454753876,0.5055811405181885
0.38726815581321716,0.49342769384384155,0.37905195355415344,0.4991607069969177,0.3780599534511566,0.48904940485954285,0.3865032494068146,0.506252646446228,0.3819980323314667,0.48127254843711853,0.4535927474498749,0.5164560079574585,0.42797961831092834,0.4537356197834015,0.5425109267234802,0.5205512642860413,0.41768693923950195,0.39986130595207214,0.6072012782096863,0.5234578251838684,0.39869585633277893,0.3445914089679718,0.6033318638801575,0.49875837564468384,0.5980815887451172,0.461052268743515,0.7089776396751404,0.49892792105674744,0.7072423696517944,0.4537386894226074,0.8114302754402161,0.5058059096336365,0.7986363172531128,0.45429787039756775,0.4405050575733185,0.48560115694999695
0.40880531072616577,0.49325230717658997,0.40233325958251953,0.5000736713409424,0.4021797180175781,0.4915502071380615,0.4120212495326996,0.5107589364051819,0.4082607328891754,0.48816365003585815,0.4671363830566406,0.5199633240699768,0.44856300950050354,0.4695940613746643,0.5389119386672974,0.5265461802482605,0.4462709426879883,0.42125171422958374,0.5995782017707825,0.5235418677330017,0.4416074752807617,0.37595224380493164,0.5931392312049866,0.5057563781738281,0.5879657864570618,0.47110313177108765,0.6789931058883667,0.5037745237350464,0.683489203453064,0.4684400260448456,0.7626520395278931,0.5083885788917542,0.7731022834777832,0.47339361906051636,0.45787423849105835,0.4948844611644745
0.36673662066459656,0.4974735379219055,0.35712164640426636,0.5036953091621399,0.3561685383319855,0.49536463618278503,0.36645373702049255,0.5151853561401367,0.36357226967811584,0.4926394522190094,0.43761831521987915,0.5300118923187256,0.42082592844963074,0.46886080503463745,0.51854008436203,0.5443084239959717,0.43441370129585266,0.4130447804927826,0.5892457962036133,0.5410457849502563,0.42978614568710327,0.355084627866745,0.5913089513778687,0.514430820941925,0.5863549113273621,0.47429317235946655,0.7013104557991028,0.5215502381324768,0.7022699117660522,0.47283536195755005,0.8111149072647095,0.53148353099823,0.7949186563491821,0.474807471036911,0.42969053983688354,0.49844616651535034
0.37214356660842896,0.4802202582359314,0.36588600277900696,0.48627758026123047,0.3653574287891388,0.4776354432106018,0.3725730776786804,0.4945683777332306,0.3685078024864197,0.4737359583377838,0.4252057373523712,0.5068336129188538,0.40815573930740356,0.454073965549469,0.4910607933998108,0.5171907544136047,0.4068196415901184,0.4097406268119812,0.5503190159797668,0.5129422545433044,0.4011736512184143,0.361036479473114,0.5521894097328186,0.4911763072013855,0.5493845343589783,0.4562925696372986,0.652144730091095,0.48709914088249207,0.6521402597427368,0.45142143964767456,0.7401890754699707,0.4925662577152252,0.7512331008911133,0.452259361743927,0.41730716824531555,0.4799029231071472
0.3793123662471771,0.528541088104248,0.37115344405174255,0.5349152684211731,0.3704107403755188,0.5257430076599121,0.37874680757522583,0.5452600717544556,0.3752577006816864,0.5222558379173279,0.4340731203556061,0.5552574396133423,0.4243384301662445,0.5068539977073669,0.502281129360199,0.5638158321380615,0.43423035740852356,0.46258988976478577,0.5649172067642212,0.5673688054084778,0.4382765591144562,0.41635140776634216,0.5656725168228149,0.541605532169342,0.5641974210739136,0.508648693561554,0.663969099521637,0.5426608324050903,0.6637625694274902,0.5066101551055908,0.7469164133071899,0.5482986569404602,0.7455984354019165,0.5120578408241272,0.42962926626205444,0.5305138826370239
0.37631016969680786,0.4892131984233856,0.36943215131759644,0.4948178827762604,0.3688206970691681,0.4862194061279297,0.37666088342666626,0.5029889941215515,0.37376850843429565,0.4804592430591583,0.43201306462287903,0.5109896659851074,0.41738253831863403,0.46226099133491516,0.4971395432949066,0.519029438495636,0.42206138372421265,0.4206911027431488,0.5613234639167786,0.5220046043395996,0.4228408932685852,0.37114447355270386,0.5583599805831909,0.4971161186695099,0.5546578168869019,0.46431779861450195,0.6538125872612,0.492540568113327,0.6524056196212769,0.4586524963378906,0.7385320067405701,0.5000771284103394,0.742146909236908,0.4555589258670807,0.4249087870121002,0.48695024847984314
0.3866165578365326,0.4754118323326111,0.3794257938861847,0.48171868920326233,0.37878188490867615,0.4718886911869049,0.3864697813987732,0.4908129572868347,0.38346996903419495,0.4673821032047272,0.44031456112861633,0.5001909136772156,0.42900118231773376,0.45028939843177795,0.5077515840530396,0.5106189250946045,0.4366380572319031,0.40670108795166016,0.5702300071716309,0.5107160806655884,0.4310356080532074,0.3621746897697449,0.5677744746208191,0.48671573400497437,0.5664253830909729,0.4532405436038971,0.668304443359375,0.4874439537525177,0.6702734231948853,0.45001909136772156,0.7565162777900696,0.49311479926109314,0.7601817846298218,0.4494582712650299,0.4348162114620209,0.47530701756477356
0.3745162785053253,0.47247663140296936,0.36566171050071716,0.4798545837402344,0.3651798367500305,0.47173556685447693,0.3730439841747284,0.4928799271583557,0.36998656392097473,0.47157883644104004,0.4426247775554657,0.5077504515647888,0.42195478081703186,0.4479077160358429,0.5228963494300842,0.5166704058647156,0.4332828223705292,0.3921038508415222,0.5901397466659546,0.5234666466712952,0.4221406877040863,0.33351826667785645,0.591919481754303,0.4931953549385071,0.5893727540969849,0.4549952447414398,0.6910071969032288,0.4964333176612854,0.698442816734314,0.44720152020454407,0.7810758352279663,0.4960508346557617,0.7959172129631042,0.4515226185321808,0.4311854839324951,0.47722193598747253
0.3962085247039795,0.4829442501068115,0.38716012239456177,0.4906194508075714,0.3870414197444916,0.48188525438308716,0.3977046310901642,0.5052178502082825,0.3929270803928375,0.4821949899196625,0.46786779165267944,0.5208844542503357,0.4351048469543457,0.45772042870521545,0.559679388999939,0.5266324281692505,0.4295293688774109,0.40473803877830505,0.6335269212722778,0.5192343592643738,0.41666504740715027,0.34918421506881714,0.6137184500694275,0.5010624527931213,0.6047289967536926,0.46228405833244324,0.7089916467666626,0.49730202555656433,0.7076262831687927,0.4537009298801422,0.8006404042243958,0.5018634796142578,0.7983511090278625,0.45625370740890503,0.4512039124965668,0.4899747967720032
0.36090460419654846,0.4547315239906311,0.35156816244125366,0.460601270198822,0.3512307107448578,0.45267659425735474,0.3594644367694855,0.470857173204422,0.3562805950641632,0.44782668352127075,0.43258050084114075,0.48690345883369446,0.41077062487602234,0.42341044545173645,0.5041126012802124,0.4960927367210388,0.4201398491859436,0.37029165029525757,0.5668410658836365,0.5027498006820679,0.41315701603889465,0.3055426776409149,0.5778446197509766,0.46736517548561096,0.5761116743087769,0.43402567505836487,0.6769575476646423,0.47440120577812195,0.6760463118553162,0.42776182293891907,0.771529495716095,0.47705721855163574,0.7750516533851624,0.42971566319465637,0.42087316513061523,0.4553040862083435
0.32138341665267944,0.48839253187179565,0.31297188997268677,0.49419355392456055,0.312849223613739,0.4836534857749939,0.32003363966941833,0.502785325050354,0.31778886914253235,0.47672075033187866,0.38550788164138794,0.5137182474136353,0.3628482520580292,0.45214056968688965,0.4735580384731293,0.5199152827262878,0.35740581154823303,0.39558646082878113,0.5458801984786987,0.5183883905410767,0.3503318428993225,0.3398255407810211,0.534675121307373,0.4946259558200836,0.5312169194221497,0.4610154628753662,0.6407872438430786,0.49205541610717773,0.6390885710716248,0.4563557803630829,0.7284407615661621,0.4982815086841583,0.730501651763916,0.4489886462688446,0.37370869517326355,0.4838842749595642
0.3887299597263336,0.48582690954208374,0.3800716996192932,0.49286386370658875,0.37927907705307007,0.4837090075016022,0.38806572556495667,0.5058692097663879,0.38329920172691345,0.4800887703895569,0.4591100513935089,0.518714189529419,0.42772915959358215,0.45599785447120667,0.5466212034225464,0.5269449353218079,0.4213103950023651,0.402611643075943,0.6178838014602661,0.5226141214370728,0.4063667356967926,0.3465789258480072,0.6036810874938965,0.5007800459861755,0.5979613661766052,0.4622318744659424,0.7022733688354492,0.4982847571372986,0.7025062441825867,0.45298904180526733,0.7986561059951782,0.502921462059021,0.796272337436676,0.4528055787086487,0.44309645891189575,0.48724693059921265
0.38123875856399536,0.4905155301094055,0.3734642565250397,0.4957016408443451,0.3728923201560974,0.4867563843727112,0.38164642453193665,0.5030704140663147,0.3784407675266266,0.47924837470054626,0.43916839361190796,0.5093889236450195,0.4200197160243988,0.4583241939544678,0.5045579671859741,0.51735919713974,0.4223448634147644,0.41636207699775696,0.567681074142456,0.5175645351409912,0.4127662777900696,0.37023621797561646,0.5642486214637756,0.494590699672699,0.5605655312538147,0.46089836955070496,0.6624974012374878,0.4908064901828766,0.6624463796615601,0.457364559173584,0.743688702583313,0.4958401322364807,0.7562033534049988,0.459290474653244,0.4300195872783661,0.4839225709438324
0.39189261198043823,0.4808492660522461,0.38228121399879456,0.4872584044933319,0.3814335763454437,0.47909265756607056,0.38898882269859314,0.49247950315475464,0.3881653845310211,0.48739293217658997,0.4607110023498535,0.5165465474128723,0.4427463412284851,0.4553355276584625,0.5467461943626404,0.5272828936576843,0.4523107707500458,0.4047737121582031,0.6151484251022339,0.5269424319267273,0.45130088925361633,0.34637564420700073,0.6055718660354614,0.4991537630558014,0.6026987433433533,0.47489529848098755,0.7011598944664001,0.5003595352172852,0.7023695111274719,0.461762934923172,0.7960261106491089,0.4981585144996643,0.7964203953742981,0.4656853675842285,0.4505190849304199,0.4883520007133484
0.38682809472084045,0.47517141699790955,0.3797806203365326,0.48157045245170593,0.3790917694568634,0.4716317057609558,0.38725733757019043,0.4913531243801117,0.38440659642219543,0.46708914637565613,0.4421738088130951,0.49997448921203613,0.43061918020248413,0.45067545771598816,0.5092860460281372,0.5107245445251465,0.4388766288757324,0.4076418876647949,0.571475088596344,0.510410487651825,0.4342403709888458,0.36194589734077454,0.5693321228027344,0.48701944947242737,0.5679866075515747,0.4537891745567322,0.6698516011238098,0.4877144396305084,0.6718457341194153,0.4496038854122162,0.7588869333267212,0.4949653744697571,0.7639670968055725,0.45056745409965515,0.43647652864456177,0.47546008229255676
0.35766205191612244,0.5115340948104858,0.34927162528038025,0.5193954706192017,0.34825780987739563,0.5098322033882141,0.3599207401275635,0.5330747365951538,0.35592415928840637,0.5072157979011536,0.4358740746974945,0.5473647713661194,0.4156908392906189,0.4855046272277832,0.5187233090400696,0.5552367568016052,0.4258747398853302,0.4309435188770294,0.5863584876060486,0.5550268888473511,0.41678380966186523,0.37033891677856445,0.5856383442878723,0.5276913046836853,0.5819897055625916,0.4863000512123108,0.6948372721672058,0.5308343768119812,0.7003170251846313,0.48158004879951477,0.7897043228149414,0.5394850373268127,0.7989574670791626,0.48665356636047363,0.4234539866447449,0.5156794786453247
0.34875497221946716,0.4715709686279297,0.338827520608902,0.47673937678337097,0.33872389793395996,0.46584033966064453,0.3475131690502167,0.48539772629737854,0.3454548716545105,0.45613351464271545,0.41607770323753357,0.5024555325508118,0.40387162566185,0.4369138181209564,0.49699667096138,0.5145841836929321,0.42065462470054626,0.38554325699806213,0.5688835978507996,0.5141531229019165,0.4169995188713074,0.3253355622291565,0.5699027180671692,0.4891154170036316,0.5690346956253052,0.450945645570755,0.6790224313735962,0.49385789036750793,0.6774924397468567,0.4457133114337921,0.7748658061027527,0.495835542678833,0.7730117440223694,0.4417745769023895,0.4100199341773987,0.46938902139663696
0.37051156163215637,0.46249517798423767,0.3603445589542389,0.4688435196876526,0.360415518283844,0.45922932028770447,0.36533164978027344,0.4794662892818451,0.364382803440094,0.45450523495674133,0.4411065876483917,0.4969876706600189,0.42162737250328064,0.4324117600917816,0.5247676372528076,0.5069919228553772,0.4356051981449127,0.37778952717781067,0.596890389919281,0.5067110657691956,0.4286044239997864,0.3180655539035797,0.5943603515625,0.4793771207332611,0.5908564925193787,0.44109463691711426,0.6947811245918274,0.48728781938552856,0.6998408436775208,0.4349781572818756,0.7965950965881348,0.49026623368263245,0.7919855713844299,0.43516281247138977,0.4310343563556671,0.46432480216026306
0.34852200746536255,0.49074235558509827,0.3396000564098358,0.49783018231391907,0.33748868107795715,0.48718681931495667,0.3489709198474884,0.5102553963661194,0.3427080810070038,0.4811093509197235,0.41391250491142273,0.5194454789161682,0.3852902352809906,0.457695335149765,0.5022731423377991,0.5259038805961609,0.37669822573661804,0.400701105594635,0.5715475082397461,0.5234428644180298,0.3709816634654999,0.34217944741249084,0.5651547908782959,0.5026887059211731,0.5607131123542786,0.464120090007782,0.6824867129325867,0.5009498596191406,0.6756559610366821,0.454921156167984,0.7785108685493469,0.5096640586853027,0.7629156112670898,0.45610758662223816,0.3998906910419464,0.48866158723831177
0.3325314223766327,0.4943530261516571,0.3257480263710022,0.5004231333732605,0.3252149522304535,0.491942435503006,0.33390119671821594,0.5106955766677856,0.33035439252853394,0.4873565137386322,0.38804396986961365,0.5207298994064331,0.37466126680374146,0.46995896100997925,0.45918866991996765,0.5287931561470032,0.3782006800174713,0.42092499136924744,0.5231436491012573,0.5307595133781433,0.3769783079624176,0.3730342984199524,0.5199386477470398,0.5091376900672913,0.5181604027748108,0.4727042317390442,0.6097817420959473,0.5068921446800232,0.6132150292396545,0.4700053334236145,0.6938306093215942,0.5084588527679443,0.7002561688423157,0.46887606382369995,0.38123103976249695,0.49536043405532837
0.3232260048389435,0.4803295433521271,0.3132992386817932,0.4878470301628113,0.31349584460258484,0.4799186885356903,0.31960076093673706,0.5023886561393738,0.3193977177143097,0.4965250790119171,0.38989636301994324,0.5216547250747681,0.37239763140678406,0.4626876413822174,0.474630206823349,0.5317918062210083,0.37725186347961426,0.40771618485450745,0.5434545278549194,0.5328897833824158,0.37283653020858765,0.34879571199417114,0.5432460904121399,0.5002833604812622,0.5405355095863342,0.47528213262557983,0.6464565396308899,0.4801085293292999,0.6486050486564636,0.4957975447177887,0.7400404214859009,0.464712917804718,0.7299244999885559,0.5048823356628418,0.3804337680339813,0.49387598037719727
0.3903767168521881,0.4912627339363098,0.38350483775138855,0.4974000155925751,0.3830970227718353,0.48995041847229004,0.3936808705329895,0.5065500736236572,0.38951054215431213,0.4854467213153839,0.4523388743400574,0.5159019827842712,0.429705947637558,0.46711960434913635,0.5229629874229431,0.5199707746505737,0.4295830726623535,0.42019277811050415,0.5830422639846802,0.519031822681427,0.421466588973999,0.3753097355365753,0.5788803100585938,0.5008040070533752,0.5745372176170349,0.4679972529411316,0.6721677184104919,0.49598029255867004,0.6748018860816956,0.46630582213401794,0.7540501952171326,0.5028670430183411,0.764491081237793,0.4677446484565735,0.44085124135017395,0.4909316897392273
0.3176341950893402,0.4761947989463806,0.30851104855537415,0.484283983707428,0.3084399104118347,0.47397372126579285,0.31696081161499023,0.49804186820983887,0.3155994713306427,0.47365450859069824,0.39264026284217834,0.5131758451461792,0.37267979979515076,0.45120713114738464,0.4814314544200897,0.5210245251655579,0.3767160475254059,0.394754558801651,0.5501965880393982,0.5194417238235474,0.3716144859790802,0.3305663764476776,0.5472585558891296,0.4954223334789276,0.5431475639343262,0.45782536268234253,0.6570843458175659,0.49676504731178284,0.6560827493667603,0.4534303545951843,0.7453565001487732,0.5028753280639648,0.746820330619812,0.4550419747829437,0.38151004910469055,0.48298564553260803
0.38691049814224243,0.4989197552204132,0.3796841502189636,0.5045157670974731,0.3788869380950928,0.49623551964759827,0.38771843910217285,0.511810302734375,0.3845132291316986,0.4898298382759094,0.4436565339565277,0.5206844806671143,0.42800474166870117,0.4716167449951172,0.5105013251304626,0.5309354662895203,0.432638019323349,0.42768290638923645,0.5736675262451172,0.5337178707122803,0.4324130415916443,0.38230112195014954,0.5736245512962341,0.5081737637519836,0.5707037448883057,0.4733724296092987,0.6697468161582947,0.5062852501869202,0.6706827282905579,0.47089147567749023,0.7538995146751404,0.5117124319076538,0.7556449770927429,0.4746400713920593,0.4362700879573822,0.4952116012573242
0.36899828910827637,0.47475025057792664,0.3632231652736664,0.48155540227890015,0.3618120551109314,0.47195950150489807,0.3713924288749695,0.49152320623397827,0.36635133624076843,0.4676086902618408,0.42426323890686035,0.5014005303382874,0.4049563705921173,0.449566513299942,0.4904095232486725,0.5122097134590149,0.4029005467891693,0.4063238203525543,0.5516431331634521,0.5070531964302063,0.39629796147346497,0.36114808917045593,0.5469077825546265,0.4878852069377899,0.5440187454223633,0.4539942145347595,0.6423907279968262,0.4829566776752472,0.6449604034423828,0.4475851356983185,0.734705924987793,0.488553524017334,0.7433785200119019,0.4505364000797272,0.4154377579689026,0.4752015769481659
0.37634921073913574,0.4752213656902313,0.36585837602615356,0.48279571533203125,0.3658541738986969,0.474351704120636,0.37435367703437805,0.4941456615924835,0.37225624918937683,0.4776642620563507,0.4518373906612396,0.5142003893852234,0.4290626645088196,0.4511583149433136,0.5385199189186096,0.5233701467514038,0.4421277344226837,0.39768078923225403,0.6022930145263672,0.5214790105819702,0.43702515959739685,0.34072819352149963,0.5980390310287476,0.498161256313324,0.5936160683631897,0.4602191150188446,0.6915283203125,0.49657097458839417,0.6937084197998047,0.4524604380130768,0.7891029119491577,0.5003450512886047,0.7937513589859009,0.456155389547348,0.4393027722835541,0.48262378573417664
0.34333810210227966,0.48466113209724426,0.3332832455635071,0.49088430404663086,0.3330835700035095,0.4821254312992096,0.34038442373275757,0.4993315637111664,0.3365318477153778,0.4816865622997284,0.40427443385124207,0.5130316615104675,0.3788749873638153,0.45511454343795776,0.48923513293266296,0.5213732719421387,0.372950941324234,0.40227940678596497,0.560162365436554,0.5207688808441162,0.36793455481529236,0.34474435448646545,0.5575845241546631,0.48423337936401367,0.5561651587486267,0.4823496341705322,0.666225016117096,0.45629921555519104,0.6679219007492065,0.4940668046474457,0.7547065615653992,0.45460647344589233,0.7574403882026672,0.5029544234275818,0.3905167579650879,0.4850669801235199
0.35739144682884216,0.48692718148231506,0.3509024679660797,0.49404898285865784,0.3497702479362488,0.4856518805027008,0.3623134195804596,0.50682133436203,0.35624584555625916,0.48223188519477844,0.4255335330963135,0.5196182131767273,0.4020443260669708,0.4590713381767273,0.5120028257369995,0.5272884964942932,0.3940627872943878,0.40359798073768616,0.5812764763832092,0.5260869860649109,0.3891012966632843,0.34453266859054565,0.5773060917854309,0.5028047561645508,0.5733122229576111,0.46419665217399597,0.6820904612541199,0.5024872422218323,0.6769469976425171,0.4567538797855377,0.7773049473762512,0.5070285201072693,0.7662608027458191,0.4556410312652588,0.4138839840888977,0.4895041584968567
0.38121411204338074,0.525626540184021,0.3738129734992981,0.5301008820533752,0.3732157349586487,0.5221497416496277,0.38134241104125977,0.536708652973175,0.3778415620326996,0.5153724551200867,0.4366295635700226,0.5464919805526733,0.4225623905658722,0.49586161971092224,0.5065824389457703,0.5546638369560242,0.4265914559364319,0.45272698998451233,0.5756884813308716,0.5563488602638245,0.43057727813720703,0.4095602035522461,0.5629704594612122,0.5318170189857483,0.5591369271278381,0.4995823800563812,0.6632152199745178,0.5329376459121704,0.6611133813858032,0.4967653155326843,0.7523831129074097,0.5398658514022827,0.7445439100265503,0.4974929690361023,0.42961758375167847,0.5211949348449707
0.40412551164627075,0.5084083080291748,0.3978155255317688,0.5149210095405579,0.39726921916007996,0.5059527158737183,0.40569522976875305,0.5259854197502136,0.4043735861778259,0.5023859143257141,0.4580446183681488,0.5365018844604492,0.44746133685112,0.48774296045303345,0.5225527882575989,0.5471411943435669,0.4492683410644531,0.44314318895339966,0.587567925453186,0.5492473840713501,0.4509076178073883,0.39765819907188416,0.5915085077285767,0.5237187147140503,0.5882554650306702,0.4887743890285492,0.6853711009025574,0.526912271976471,0.6848754286766052,0.48776975274086,0.7666056752204895,0.5335062146186829,0.7736238241195679,0.4895123839378357,0.4526074528694153,0.5122703313827515
0.40112927556037903,0.5190046429634094,0.3945661187171936,0.5257822275161743,0.3935976028442383,0.516610324382782,0.40294429659843445,0.5354968905448914,0.3993145823478699,0.5131462216377258,0.4581286311149597,0.5457760095596313,0.4439750611782074,0.4965258240699768,0.5248726606369019,0.5559993386268616,0.448869913816452,0.45157676935195923,0.5929940342903137,0.559026837348938,0.45236828923225403,0.40570586919784546,0.5859583020210266,0.5323947668075562,0.583647608757019,0.4987349510192871,0.6820110082626343,0.534225583076477,0.6815434694290161,0.49973064661026,0.7702992558479309,0.5417249798774719,0.765964925289154,0.5031555891036987,0.4510360062122345,0.5215691328048706
0.32057833671569824,0.5094466209411621,0.31393423676490784,0.515424907207489,0.3129155933856964,0.5066807866096497,0.321679025888443,0.5249250531196594,0.3176228404045105,0.5022469758987427,0.3779821991920471,0.534213125705719,0.36106473207473755,0.4835219383239746,0.44727617502212524,0.5457862615585327,0.36978432536125183,0.4414694607257843,0.5130814909934998,0.5499185919761658,0.3719727098941803,0.39385420083999634,0.5092887878417969,0.5217474102973938,0.5051795244216919,0.485367089509964,0.6034336090087891,0.522921621799469,0.6024379730224609,0.48487815260887146,0.6870373487472534,0.5259607434272766,0.6894733309745789,0.4861118495464325,0.369337260723114,0.5088828802108765
0.3699299395084381,0.4800183176994324,0.3637792766094208,0.4862663149833679,0.36263757944107056,0.47661304473876953,0.3713039457798004,0.4946151077747345,0.36655354499816895,0.47112515568733215,0.4239845871925354,0.5051094889640808,0.40689557790756226,0.45183515548706055,0.4904811978340149,0.5163138508796692,0.405441015958786,0.4085032641887665,0.5524072051048279,0.511236310005188,0.3987807333469391,0.3616507351398468,0.5505715012550354,0.4897380769252777,0.5478295087814331,0.4543057978153229,0.650008499622345,0.48594045639038086,0.6509337425231934,0.44930753111839294,0.7404468655586243,0.49274808168411255,0.7524118423461914,0.4521165192127228,0.41649845242500305,0.4780014157295227
0.3778023421764374,0.4850483536720276,0.36782383918762207,0.49111080169677734,0.3675321936607361,0.48027220368385315,0.3768990933895111,0.5009168982505798,0.3730158805847168,0.4736790359020233,0.45570632815361023,0.5168538689613342,0.4322874844074249,0.4526694118976593,0.5421198010444641,0.5250374674797058,0.4441468417644501,0.4010021686553955,0.6066891551017761,0.522197961807251,0.43770724534988403,0.3419414460659027,0.6020205616950989,0.5009287595748901,0.5964919328689575,0.4611319899559021,0.6988571286201477,0.4988860785961151,0.6994096040725708,0.45197272300720215,0.7974487543106079,0.5032972693443298,0.7972614169120789,0.45207616686820984,0.443816602230072,0.48486998677253723
0.380655437707901,0.4855709969997406,0.3728499114513397,0.49052897095680237,0.37227216362953186,0.482927531003952,0.3795052468776703,0.4967043697834015,0.3760250210762024,0.4775732457637787,0.4324263632297516,0.5075351595878601,0.4164566397666931,0.45527246594429016,0.4981488585472107,0.5164844393730164,0.4145123064517975,0.41276484727859497,0.5606177449226379,0.513550877571106,0.4074217677116394,0.3654988706111908,0.559002161026001,0.4899720847606659,0.5562744140625,0.45745396614074707,0.6542034149169922,0.488849014043808,0.6548295021057129,0.4548071324825287,0.7369833588600159,0.49195578694343567,0.7476982474327087,0.4547915756702423,0.42416641116142273,0.48046454787254333
0.3097105026245117,0.5072134733200073,0.3020748794078827,0.5120805501937866,0.3021943271160126,0.5048028230667114,0.30985549092292786,0.5209659337997437,0.3072204291820526,0.5010122656822205,0.3652329444885254,0.5323658585548401,0.350933313369751,0.4817410409450531,0.43733304738998413,0.5420647859573364,0.3614259660243988,0.44047269225120544,0.5025251507759094,0.5425020456314087,0.3652215600013733,0.3918001353740692,0.4996902048587799,0.5213751196861267,0.4967852532863617,0.4849836528301239,0.5961582064628601,0.5186580419540405,0.5965466499328613,0.4820679724216461,0.6805774569511414,0.5196045637130737,0.6824120283126831,0.4819371998310089,0.3575545847415924,0.5073685050010681
